{
  "macro_matrix": {
    "US10Y": {
      "current": 4.0329999923706055,
      "daily_pct": 0.0992848625794063,
      "5d_trend": [
        4.079,
        4.075,
        4.086,
        4.029,
        4.033
      ]
    },
    "BTC": {
      "current": 65826.7109375,
      "daily_pct": 1.8725375010163594,
      "5d_trend": [
        68003.766,
        67659.391,
        64616.738,
        65826.711
      ]
    },
    "KOSPI": {
      "current": 6108.02001953125,
      "daily_pct": 2.318060714603835,
      "5d_trend": [
        5677.25,
        5808.53,
        5846.09,
        5969.64,
        6108.02
      ]
    },
    "XAU_USD": {
      "current": 5202.7001953125,
      "daily_pct": -0.038426805098231334,
      "5d_trend": [
        4975.9,
        5059.3,
        5204.7,
        5202.7
      ]
    },
    "NQmain": {
      "current": 25094.5,
      "daily_pct": 1.3397138847664334,
      "5d_trend": [
        24858.75,
        25067.5,
        24762.75,
        25094.5
      ]
    },
    "XBI": {
      "current": 129.16000366210938,
      "daily_pct": 1.724818792117298,
      "5d_trend": [
        125.6,
        126.74,
        124.78,
        126.97,
        129.16
      ]
    },
    "DXY": {
      "current": 97.7249984741211,
      "daily_pct": 0.025590098935367546,
      "5d_trend": [
        97.93,
        97.8,
        97.7,
        97.725
      ]
    }
  },
  "active_positions": [],
  "radar_graveyard": [],
  "ai_tactical_decision": "### ⚔️ [宏观定调]\n外围风险资产（纳指/KOSPI/BTC）全线狂飙对冲美债4.0%高位压力，全球风险偏好极度亢奋，对A股及科技映射线形成强外部支撑。\n\n### 📝 [15:00 申赎执行单]\n- **永赢半导体**：锁仓 | ￥0 | KOSPI暴涨2.32%映射半导体强势，红盘严禁加仓，死拿底仓利润垫。[置信度: 100%]\n- **华夏A500**：观望 | ￥0 | 盘面无泥沙俱下与极度恐慌暴跌特征，绝不动用宝贵现金追涨。[置信度: 100%]\n- **博时黄金**：锁仓 | ￥0 | 美债高位震荡，未见左侧大跌信号，横盘/微涨状态坚决锁仓。[置信度: 100%]\n- **机遇领航**：静默 | ￥0 | 逻辑硬伤资产，盘面无显著拉高诱多动作，严禁补仓，继续等待反弹绞杀点。[置信度: 100%]\n- **红利低波**：观望 | ￥0 | 市场未重回极寒冰点与连续阴跌状态，防守位继续保持出清状态。[置信度: 100%]\n- **天弘机器人**：锁仓 | ￥0 | 未见暴跌深坑，严防无效成本平摊，底仓静默死拿。[置信度: 100%]\n- **华宝纳斯达克**：维持定投 | ￥0 | NQmain期指大涨1.34%，未触发>-2%的实质性暴跌阈值，不执行手动大额加仓。[置信度: 100%]\n- **港股创新药**：观望 | ￥0 | 美债收益率维持4.0%上方压制估值，未见暴跌砸出的黄金坑，严禁追高。[置信度: 100%]\n\n### 🎯 [雷达池动作]\n雷达区无警报，备用金静默。"
}