{
  "macro_matrix": {
    "US10Y": {
      "current": 4.034999847412109,
      "daily_pct": 0.14892137630667177,
      "5d_trend": [
        4.079,
        4.075,
        4.086,
        4.029,
        4.035
      ]
    },
    "BTC": {
      "current": 64047.44921875,
      "daily_pct": -0.8810241396310033,
      "5d_trend": [
        68005.422,
        68003.766,
        67659.391,
        64616.738,
        64047.449
      ]
    },
    "KOSPI": {
      "current": 5969.64013671875,
      "daily_pct": 2.113383411321269,
      "5d_trend": [
        5507.01,
        5677.25,
        5808.53,
        5846.09,
        5969.64
      ]
    },
    "XAU_USD": {
      "current": 5187.2001953125,
      "daily_pct": -0.3362345446095242,
      "5d_trend": [
        4975.9,
        5059.3,
        5204.7,
        5187.2
      ]
    },
    "NQmain": {
      "current": 25051.75,
      "daily_pct": 1.167075546940465,
      "5d_trend": [
        24858.75,
        25067.5,
        24762.75,
        25051.75
      ]
    },
    "XBI": {
      "current": 129.10499572753906,
      "daily_pct": 1.6814952243127297,
      "5d_trend": [
        125.6,
        126.74,
        124.78,
        126.97,
        129.105
      ]
    },
    "DXY": {
      "current": 97.80999755859375,
      "daily_pct": 0.11259018811416822,
      "5d_trend": [
        97.93,
        97.8,
        97.7,
        97.81
      ]
    }
  },
  "active_positions": [],
  "radar_graveyard": [],
  "ai_tactical_decision": "### ⚔️ [宏观定调]\n美债收益率站上4.0%关口对宏观流动性形成微压，但纳指与科斯皮期指强劲拉升，全球科技风险偏好维持高位，对A股科技映射端形成强支撑。\n\n### 📝 [15:00 申赎执行单]\n- **永赢半导体**：[锁仓观望] | ￥[0] | [KOSPI暴涨2.11%映射强势，红盘严禁加仓，死拿底仓利润垫。置信度：100%]\n- **华夏A500**：[观望静默] | ￥[0] | [盘面无极度恐慌与泥沙俱下特征，绝不动用宝贵现金追涨。置信度：100%]\n- **博时黄金**：[锁仓观望] | ￥[0] | [美债微涨，未见现货黄金左侧大跌信号，横盘/微调状态坚决锁仓。置信度：100%]\n- **机遇领航**：[持仓待斩] | ￥[0] | [逻辑硬伤标的，盘面未见放量拉高诱多，不触发绞杀指令，严禁补仓。置信度：100%]\n- **红利低波**：[观望静默] | ￥[0] | [大盘未重回连续阴跌的极寒冰点，防守仓位不盲目左侧接回。置信度：100%]\n- **天弘机器人**：[锁仓观望] | ￥[0] | [未见暴跌深坑，严防无效成本平摊，底仓死锁不动。置信度：100%]\n- **华宝纳斯达克**：[维持定投] | ￥[0] | [NQmain期指上涨1.17%，未触发>-2%的实质性暴跌阈值，不执行手动大额加仓。置信度：100%]\n- **港股创新药**：[观望静默] | ￥[0] | [美债收益率上行微压估值，未砸出暴跌黄金坑，绝对左侧资产严禁追高。置信度：100%]\n\n### 🎯 [雷达池动作]\n雷达区无警报，备用金静默。"
}